English,1,English for Speakers of Other Langs 1, 2,
English,1064, 1074,1,
English,English 1,1124,
English,1,English 1 PreAP,
English,1134,1,
English,English 2,1224,
English,1,English 2 PreAP,
English,1234,1,
English,English 3,1324,
English,1,English 3 AP (Lang and Comp),
English,1344,1,
English,IB English 3,1344IB,
English,1,English 4,
English,1424,1,
English,English 4 Dual,1424D,
English,1,English 4 AP (Lit and Comp),
English,1444,1,
English,IB English 4,1444IB,
English,1,Creative Writing,
Math,1634,1,
Math,Algebra 1,4124,
Math,1,Geometry,
Math,4224,1,
Math,Geometry PreAP,4234,
Math,1,Algebra 2,
Math,4324,1,
Math,Algebra 2 PreAP,4334,
Math,1,College Prep Mathematics,
Math,4344,1,
Math,IB Mathematical Studies,4354IB,
Math,1,IB Mathematics Foundations,
Math,4364IB,1,
Math,IB Mathematical SL,4374IB,
Math,1,IB Mathematical HL,
Math,4384IB,1,
Math,Mathematical Models with Applications,4424,
Math,1,Algebraic Reasoning,
Math,4514,1,
Math,PreCalculus PreAP,4534,
Math,1,Calculus AB - AP,
Math,4554,1,
Math,Statistics AP / Dual,4564,
Math,1,PreCalculus (Dual Credit),
Math,4574DNH,1,
Math,Calculus BC - AP,4584,
Math,1,Statistics,
Science,4594,1,
Science,Integrated Physics and Chemistry,3124,
Science,1,Biology,
Science,3224,1,
Science,Biology PreAP,3234,
Science,1,Chemistry,
Science,3324,1,
Science,Chemistry PreAP,3334,
Science,1,Chemistry AP,
Science,3344,1,
Science,IB Chemistry SL,3344IB,
Science,1,IB Chemistry HL,
Science,3354IB,1,
Science,Physics,3424,
Science,1,Physics C: Mechanics AP,
Science,3454,1,
Science,Physics 1 AP,3464,
Science,1,IB Physics 1,
Science,3464IB,1,
Science,Physics 2 AP,3474,
Science,1,IB Physics 2,
Science,3474IB,1,
Science,Biology AP,3534,
Science,1,IB Biology SL,
Science,3534IB,1,
Science,IB Biology HL,3544IB,
Science,1,Environmental Systems,
Science,3624,1,
Science,Aquatic Science,3644,
Science,1,Anatomy/Physiology,
Science,3654NH,1,
Science,Forensic Science,3664NH,
Science,1,Astronomy,
Science,3674,1,
Science,Earth and Space Science,3684,
Science,1,Food Science,
Science,8124,1,
Science,Plant & Soil Science: Adv.Floral Design,8484,
Science,1,Adv. Animal Science,
Social Studies,8514,1,
Social Studies,World Geography,2124,
Social Studies,1,Human Geography AP,
Social Studies,2144,1,
Social Studies,World History,2224,
Social Studies,1,World History AP,
Social Studies,2244,1,
Social Studies,U. S. History,2324,
Social Studies,1,IB History of the Americas,
Social Studies,2324IB,1,
Social Studies,U. S. History AP,2334,
Social Studies,1,U. S. History - Dual Credit,
Social Studies,2334DNH,1,
Social Studies,IB History of the 20th Century,2354IB,
Social Studies,1/2,United States Government,
Social Studies,2422,1/2,
Social Studies,U. S. Government - AP,2432,
Social Studies,1/2,Economics,
Social Studies,2522,1/2,
Social Studies,Macroeconomics AP,2532,
Social Studies,1/2,Psychology,
Social Studies,2622,1/2,
Social Studies,Sociology,2722,
Social Studies,1,Psychology AP,
Social Studies,2824,1,
Social Studies,IB  Psychology SL,2824IB,
Social Studies,1,IB  Psychology HL,
Social Studies,2834IB,1,
Social Studies,IB Theory of Knowledge,2834IB,
Foreign Language,1,Spanish for Native Speakers AP,
Foreign Language,1484,2,
Foreign Language,Spanish for Native Speakers 1 & 2,1494,
Foreign Language,1,Spanish 1,
Foreign Language,1504,1,
Foreign Language,Spanish 2,1514,
Foreign Language,1,Spanish 2 PreAP,
Foreign Language,1514Q,1,
Foreign Language,Spanish 3 PreAP/IB,1524,
Foreign Language,1,Spanish 4 AP (Span. Lang. & Comp.),
Foreign Language,1534,1,
Foreign Language,IB Spanish Ab Initio 1,1534IB,
Foreign Language,1,IB Spanish IV,
Foreign Language,1534IB,1,
Foreign Language,Spanish 5 AP (Span. Lit. & Comp.),1544,
Foreign Language,1,IB Spanish Ab Initio 2,
Foreign Language,1544IB,1,
Foreign Language,IB Spanish 5,1544IB,
Foreign Language,1,French 1,
Foreign Language,1554,1,
Foreign Language,French 2,1564,
Foreign Language,1,PreAP French 2,
Foreign Language,1564Q,1,
Foreign Language,French 3 PreAP/IB,1574,
Foreign Language,1,French 4 AP,
Foreign Language,1584,1,
Foreign Language,IB French 4,1584IB,
Fine Arts,1,IB Visual Art 1,
Fine Arts,1764IB,1,
Fine Arts,IB Visual Art 2,1774IB,
Fine Arts,1,Honor Band 1, 2, 3, 4,
Fine Arts,5714, 5724, 5734, 5744,1,
Fine Arts,Drumline 1, 2, 3, 4,5714D, 5724D, 5734D, 5744D,
Fine Arts,1,Jazz Band,
Fine Arts,5714JZ, 5724JZ, 5734JZ, 5744JZ,1,
Fine Arts,Percussion 1, 2, 3, 4,5714P, 5724P, 5734P, 5744P,
Fine Arts,1,Symphonic Band 1, 2, 3, 4,
Fine Arts,5714S, 5724S, 5734S, 5744S,1,
Fine Arts,Wind Ensemble 1, 2, 3, 4,5714W, 5724W, 5734W, 5744W,
Fine Arts,1,Color Guard,
Fine Arts,5754, 5764, 5774, 5784,1,
Fine Arts,Art 4 Studio Art AP,7084,
Fine Arts,1,Art 1,
Fine Arts,7114,1,
Fine Arts,Art 2- 2D Painting/Drawing,7124,
Fine Arts,1,Art 2 3D Sculpting,
Fine Arts,7154,1,
Fine Arts,Art 3 PreAP Studio,7164,
Fine Arts,1,Art History AP,
Fine Arts,7194,1,
Fine Arts,Theatre Prod 1, 2, 3, 4,7264, 7274, 7284, 7294,
Fine Arts,1,IB Theater 1,
Fine Arts,7284IB,1,
Fine Arts,IB Theater 2,7294IB,
Fine Arts,1,Competitive Choir,
Fine Arts,7314,1,
Fine Arts,Competitive Choir,7354,
Fine Arts,1,Beginning Choir 1, 2, 3, 4,
Fine Arts,7484, 7494, 7504, 7514,1,
Fine Arts,Performance Studies - Piano,7564,
Fine Arts,1,Music Theory AP,
Fine Arts,7574,1,
Fine Arts,Tech Theatre 1, 2, 3, 4,7614, 7624, 7634,
Fine Arts,1,Principles & Elements of Floral Design,
Journalism,8474,1,
Journalism,Journalism,1704,
Journalism,1,Photojournalism,
Journalism,1714,1,
Journalism,Audio Video Production 1, 2, 3,1744, 1754, 1764,
Journalism,1,Video Editing,
Journalism,1774,1,
Journalism,IB Film 1,1784IB,
Journalism,1,IB Film 2,
Journalism,1794IB,1,
Journalism,Newspaper 1, 2, 3,1804, 1814, 1824,
Journalism,1,Yearbook 1, 2, 3, 4,
Speech & Debate,1854, 1864, 1874, 1884,1/2,
Speech & Debate,Teen Leadership,1012,
Speech & Debate,1,Principles. of Business, Marketing, and ,
Speech & Debate,Finance,6084,
Speech & Debate,1/2,Professional Communication,
Speech & Debate,7022,1,
Speech & Debate,Oral Interpretation 2, 3, 4,7044NH, 7064NH,,
Speech & Debate,7074NH,1,
Speech & Debate,Oral Interpretation 1/Professional ,Communication,
Speech & Debate,7054NH,1/2,
Speech & Debate,Prin. of Human Services,8102,
Speech & Debate,1/2,Principles of Architecture,
Speech & Debate,8382,1,
Speech & Debate,Prins of Ag, Food & Natural Resources,8404,
Health,1/2,Health,
Health Occupations,5902,1/2,
Health Occupations,Medical Terminology,5912,
Health Occupations,1/2,Principles of Health Science,
Health Occupations,5932,2,
Health Occupations,Pract. Health Science 1 CNA (Certified,Nursing Assistant),
Health Occupations,5934,2,
Health Occupations,Pract. Health Science 2 – EMT,5944,
Technology Education,1,Business Information Mgt. 1 (BIM1),
Technology Education,8304,1,
Technology Education,Audio Video Production 1, 2, 3,1744, 1754, 1764,
Technology Education,1,Video Editing,
Technology Education,1774,1,
Technology Education,Computer Science 1, PreAP,4444,
Technology Education,1,Computer Science 2, AP,
Technology Education,4454,1,
Technology Education,Computer Science 3, AP Principles,4464,
Technology Education,1 to 2,Independent Study Research in Information,
Technology Education,Technology Solutions,4494,
Technology Education,1,Business Information Mgt. 2 (BIM2),
Technology Education,8314,1,
Technology Education,Web Technologies,8334,
Technology Education,1/2,Digital & Interactive Multimedia,
Technology Education,8342,1/2,
Technology Education,Video Game Design,8602,
Business and Marketing Education–Business,1,Principles. of Business, Marketing, and ,
Business and Marketing Education–Business,Finance,6084,
Business and Marketing Education–Business,1,Business Information Mgt. 1 (BIM1),
Business and Marketing Education–Business,8304,1/2,
Business and Marketing Education–Business,Global Business,6062,
Business and Marketing Education–Business,1,Business Law,
Business and Marketing Education–Business,6072,1,
Business and Marketing Education–Business,Business Information Mgt. 2 (BIM2),8314,
Business and Marketing Education–Business,3,Practicum in Business,
Business and Marketing Education–Business,Management/Extended,8974,
Business and Marketing Education–Finance,1,Principles. of Business, Marketing, and ,
Business and Marketing Education–Finance,Finance,6084,
Business and Marketing Education–Finance,1,Business Information Mgt. 1 (BIM1),
Business and Marketing Education–Finance,8304,1/2,
Business and Marketing Education–Finance,Money Matters,6024,
Business and Marketing Education–Finance,1,Accounting 1,
Business and Marketing Education–Finance,6314NH,1,
Business and Marketing Education–Finance,Accounting 2,6324NH,
Business and Marketing Education–Marketing,1,Principles. of Business, Marketing, and ,
Business and Marketing Education–Marketing,Finance,6084,
Business and Marketing Education–Marketing,1,Business Information Mgt. 1 (BIM1),
Business and Marketing Education–Marketing,8304,1,
Business and Marketing Education–Marketing,Sports & Entertainment Marketing,2864,
Business and Marketing Education–Marketing,1,Marketing Dynamics 1,
Business and Marketing Education–Marketing,8954,1,
Business and Marketing Education–Marketing,Marketing Dynamics 2,8964,
Agriculture, Food & Natural Resources-Floral Design,1,Principles & Elements of Floral Design,
Agriculture, Food & Natural Resources-Floral Design,8474,1,
Agriculture, Food & Natural Resources-Floral Design,Plant & Soil Science: Adv.Floral Design,8484,
Agriculture, Food & Natural Resources-Floral Design,1/2,Landscape Design & Management,
Agriculture, Food & Natural Resources-Floral Design,8542,1,
Agriculture, Food & Natural Resources-Floral Design,Horticulture,8594,
Agriculture, Food & Natural Resources-Floral Design,1,Ag. Field & Lab Exp. (Floral Design 3),
Agriculture, Food & Natural Resources–Animal Science,8614,1/2,
Agriculture, Food & Natural Resources–Animal Science,Livestock Production,8432,
Agriculture, Food & Natural Resources–Animal Science,1,Vet Med App 1,
Agriculture, Food & Natural Resources–Animal Science,8464,1/2,
Agriculture, Food & Natural Resources–Animal Science,Equine Science,8502,
Agriculture, Food & Natural Resources–Animal Science,1,Adv. Animal Science,
Agriculture, Food & Natural Resources–Animal Science,8514,1/2,
Agriculture, Food & Natural Resources–Animal Science,Small Animal Management,8522,
Agriculture, Food & Natural Resources–Welding,1,Introduction to Welding,
Agriculture, Food & Natural Resources–Welding,8424,1,
Agriculture, Food & Natural Resources–Welding,Welding 1,8444,
Agriculture, Food & Natural Resources–Welding,2,Welding 2,
Agriculture, Food & Natural Resources–Wildlife,8454,1,
Agriculture, Food & Natural Resources–Wildlife,Wildlife, Fisheries & Ecology Mgt.,8494,
Family Consumer Science–Hospitality/Human Services,1,Fashion Marketing,
Family Consumer Science–Hospitality/Human Services,6054,1/2,
Family Consumer Science–Hospitality/Human Services,Lifetime Nutrition & Wellness,8112,
Family Consumer Science–Hospitality/Human Services,1,Food Science,
Family Consumer Science–Hospitality/Human Services,8124,1/2,
Family Consumer Science–Hospitality/Human Services,Interior Design,8162,
Family Consumer Science–Hospitality/Human Services,1,Child Development,
Family Consumer Science–Hospitality/Human Services,8184,1,
Family Consumer Science–Hospitality/Human Services,Introduction to Culinary Arts,8264,
Family Consumer Science–Hospitality/Human Services,2,Culinary Arts 1,
Family Consumer Science–Hospitality/Human Services,8284,1,
Family Consumer Science–Hospitality/Human Services,Prac. In Culinary Arts,8294,
Trade and Industrial Education–Architecture,1/2,Principles of Architecture,
Cosmetology,8382,1,
Cosmetology,Introduction to Cosmetology,8644,
Cosmetology,1,Cosmetology 1,
Cosmetology,8654,1,
Cosmetology,Cosmetology 2,8664,
Automotive,1,Automotive Technician 1,
Automotive,8754,1,
Automotive,Automotive Technician 2,8764,
PE & Athletics,1/2,PE 1,
PE & Athletics,5112,1/2,
PE & Athletics,PE 2,5122,
PE & Athletics,1,Weight Training 1, 2, 3,
PE & Athletics,5164, 5174, 5184,1,
PE & Athletics,NJROTC 1, 2, 3, 4,5524, 5534, 5544, 5554,
PE & Athletics,1,Drill Team Officer,
PE & Athletics,5564,1,
PE & Athletics,Dance 1,5574NFA,
PE & Athletics,1,Dance 2, 3, 4,
PE & Athletics,5584, 5594, 5604,1,
PE & Athletics,Drill Team 1, 2, 3,5614, 5624, 5634, 5644,
PE & Athletics,1,Drill Team Training 1, 2,
PE & Athletics,5674, 5684,1,
PE & Athletics,Cheerleading 1, 2, 3, 4,5814, 5824, 5834, 5844,
PE & Athletics,1,Football,
PE & Athletics,65204,1,
PE & Athletics,Volleyball,65214,
PE & Athletics,1,Basketball – Girls,
PE & Athletics,65224,1,
PE & Athletics,Basketball- Boys,65234,
PE & Athletics,1,Soccer Girls,
PE & Athletics,65244,1,
PE & Athletics,Soccer Boys,65254,
PE & Athletics,1,Swim,
PE & Athletics,65264,1,
PE & Athletics,Swim/Dive,65274,
PE & Athletics,1,Golf,
PE & Athletics,65284,1,
PE & Athletics,Tennis,65294,
PE & Athletics,1,Softball,
PE & Athletics,65304,1,
PE & Athletics,Baseball,65314,
PE & Athletics,1,Cross Country,
PE & Athletics,65324,1,
PE & Athletics,Athletic Training,65334,
Other Electives,1,Student Leadership (Student Council),
Other Electives,1054,1,
Other Electives,ACADEC 1, 2, 3, 4,7914NH, 7924NH, 7934NH, 7944NH,,
Other Electives,1/2,Office Aide,
Other Electives,9014,1/2,
Other Electives,Early Release 6th period,9064,
Other Electives,1/2,Early Release 7th period,
Other Electives,9074,1/2,
